,Open,High,Low,Close,Volume
2023-01-02,50.0,50.33208909748655,49.20565399093947,50.0,5664125
2023-01-03,50.0,52.12320351714269,50.507155485164446,51.53516143267463,3726918
2023-01-04,51.53516143267463,53.575942169323866,53.120963717089545,53.42530520640931,4460993
2023-01-05,53.42530520640931,54.07590081455066,53.24808774036487,53.40614981423166,1726040
2023-01-06,53.40614981423166,52.034498553043726,51.43542231545367,51.50463610220789,4518933
2023-01-09,51.50463610220789,49.41553635415467,48.12474726680587,48.96814526269854,6314111
2023-01-10,48.96814526269854,47.277156062235726,46.30544392756418,46.96764269637846,1556604
2023-01-11,46.96764269637846,46.079850567739605,45.205289990861694,45.74513753065197,3045705
2023-01-12,45.74513753065197,45.90284754053821,45.02603226022429,45.36932371785799,2303323
2023-01-13,45.36932371785799,42.89750576342614,42.08232949568843,42.85904441900457,11631535
2023-01-16,42.85904441900457,46.93310718411648,46.2270621165401,46.27573402800193,4122094
2023-01-17,46.27573402800193,46.75571030739808,46.52442861764531,46.59828525611858,3436335
2023-01-18,46.59828525611858,42.97338250350525,42.76824436125437,42.88404109298713,4408036
2023-01-19,42.88404109298713,46.68261197684748,44.79429119244092,45.53202094663706,7688277
2023-01-20,45.53202094663706,49.40571555790121,48.45356177651686,48.61951942403053,4761218
2023-01-23,48.61951942403053,45.83473590065048,44.75965002086588,45.5225385950866,10436681
2023-01-24,45.5225385950866,48.1380125164854,47.82990009568679,48.08080740022566,6167819
2023-01-25,48.08080740022566,51.1367831648274,50.62987247439522,51.02528618015037,5995696
2023-01-26,51.02528618015037,50.92599522648197,49.73078259298377,50.788173711429174,1902858
2023-01-27,50.788173711429174,54.95652981258202,54.02652059218715,54.56253662621202,5087291
2023-01-30,54.56253662621202,53.79897455492769,52.5669474120939,53.40940362592701,4219361
2023-01-31,53.40940362592701,55.272542462378425,53.766509518744456,53.94888305339448,2534638
2023-02-01,53.94888305339448,51.83115085392573,51.36701967126535,51.743874349997554,3990671
2023-02-02,51.743874349997554,49.90119363255697,49.01911043303701,49.651436715624456,3517419
2023-02-03,49.651436715624456,48.16851110763328,47.324357606662346,47.979596845462666,3190345
2023-02-06,47.979596845462666,49.59293673564974,49.01715735737893,49.29356380020779,4908660
2023-02-07,49.29356380020779,51.39990107071705,50.4511785414973,50.94735637180556,2045075
2023-02-08,50.94735637180556,51.64791797329631,50.974766613493316,51.205054986856446,2694025
2023-02-09,51.205054986856446,50.7342467725031,49.54610721145339,50.495137861266784,2675771
2023-02-10,50.495137861266784,52.16494657571936,51.54741441548229,51.867583177630635,4468011
2023-02-13,51.867583177630635,52.143232656315455,51.1372969486974,51.96397029554939,1855975
2023-02-14,51.96397029554939,53.78516039994213,52.88625164564558,53.25816180091243,4595713
2023-02-15,53.25816180091243,52.7594183244737,51.178968463991666,52.162654739454226,5496605
2023-02-16,52.162654739454226,49.8467068696471,49.19230594266279,49.62551574979009,2676877
2023-02-17,49.62551574979009,51.04837055436857,50.20746196645218,50.399270505707285,11389773
2023-02-20,50.399270505707285,50.94646683463213,50.33612350743571,50.63754983911368,5231797
2023-02-21,50.63754983911368,48.86221436067948,48.36770106579306,48.68725378211359,4239374
2023-02-22,48.68725378211359,47.099686796664486,46.39062807069281,46.66509163255087,5801199
2023-02-23,46.66509163255087,45.29386766078888,45.06292522809821,45.186569328641106,1532773
2023-02-24,45.186569328641106,44.22867688585302,43.81470834104138,44.179948101993155,1881587
2023-02-27,44.179948101993155,45.4442922123975,45.227919855187956,45.25727760045251,2662408
2023-02-28,45.25727760045251,48.12976793500923,47.59352436336944,47.999527703756065,15318736
2023-03-01,47.999527703756065,46.659516017910484,45.76186796164639,45.92912821721851,4457066
2023-03-02,45.92912821721851,45.44184637340903,44.632837730926106,45.030079232704985,6926807
2023-03-03,45.030079232704985,43.526905676140025,43.48142722149425,43.51146380872458,3466922
2023-03-06,43.51146380872458,43.82392627567884,42.974850089747015,43.6599580835703,5013064
2023-03-07,43.6599580835703,42.54317537852924,42.044077786262754,42.4403755721416,2244581
2023-03-08,42.4403755721416,43.11317505003932,42.254452703740064,42.62712510790884,2611860
2023-03-09,42.62712510790884,44.16178109440522,43.22522128968249,43.7641818645286,2240164
2023-03-10,43.7641818645286,46.845183356376715,45.607238053388656,46.805945796778595,2203094
2023-03-13,46.805945796778595,45.510939901873805,44.80384465213137,45.30349704933131,2210567
2023-03-14,45.30349704933131,46.97138346722462,46.753116016800234,46.82854247582948,4780847
2023-03-15,46.82854247582948,47.03255558641594,46.646589608013656,46.715827348775754,3726810
2023-03-16,46.715827348775754,44.58467916812209,43.98264821349134,44.557660245222266,6013486
2023-03-17,44.557660245222266,46.066846862272875,44.88827407401063,45.40542352262287,2577836
2023-03-20,45.40542352262287,45.31537765056217,44.96290660498752,45.07837101104641,2145212
2023-03-21,45.07837101104641,43.02111629588739,42.42895654582856,42.53413719399804,14525399
2023-03-22,42.53413719399804,43.52904445946153,43.06996400836135,43.197583556887665,2122769
2023-03-23,43.197583556887665,42.273916606519975,41.54571221527181,42.10275317549853,1768361
2023-03-24,42.10275317549853,42.75086461637602,41.56524062117008,42.206193706109495,5240855
2023-03-27,42.206193706109495,42.93446043947852,42.79298845826212,42.90120029904802,5321257
2023-03-28,42.90120029904802,44.4292613241769,44.01270224453036,44.180230951992904,5720270
2023-03-29,44.180230951992904,43.36844685425231,42.87110127732107,43.04429520291233,823707
2023-03-30,43.04429520291233,44.64759687607418,43.645302172723305,43.76532953932813,1373554
2023-03-31,43.76532953932813,44.20995688527367,43.675912577478876,43.70984867541798,1858214
2023-04-03,43.70984867541798,42.62399558989865,42.04437326311605,42.40559196262131,4454569
2023-04-04,42.40559196262131,40.0276041601613,39.93662947945969,39.95693358532563,4834976
2023-04-05,39.95693358532563,40.314538594575914,39.87788290687511,39.921260651704905,4050145
2023-04-06,39.921260651704905,38.412210959072866,37.35035038441737,37.69008803244397,8396022
2023-04-07,37.69008803244397,38.83148137027242,38.26423887688469,38.28354488458231,2529895
2023-04-10,38.28354488458231,37.795653148593864,37.08299413748417,37.11405916554303,4081471
2023-04-11,37.11405916554303,38.46965263965732,37.931901605895035,38.23095739095058,2259997
2023-04-12,38.23095739095058,36.327174039997736,35.65450562271482,36.139274348325706,27180138
2023-04-13,36.139274348325706,37.235439809142434,36.5807377558545,36.81465879233484,2542787
2023-04-14,36.81465879233484,37.43264986469307,35.30038798362305,36.007711329993796,4937117
2023-04-17,36.007711329993796,37.72637369421477,36.880582021407925,37.54886910733556,2124770
2023-04-18,37.54886910733556,38.70147277490092,38.08030731309674,38.46839738753965,7335672
2023-04-19,38.46839738753965,40.26447174832919,40.20811185777265,40.2533078391687,14123380
2023-04-20,40.2533078391687,41.19035794130758,40.32266581045123,40.77908207182636,8325328
2023-04-21,40.77908207182636,39.041135713853244,37.8528093553832,38.56130837174918,10746320
2023-04-24,38.56130837174918,36.40543773017008,36.002565959130116,36.08288065025159,6697482
2023-04-25,36.08288065025159,33.70329783828619,33.31380922061955,33.460143562951345,19170050
2023-04-26,33.460143562951345,36.55042396943947,35.95156876467726,36.11396810785755,14555470
2023-04-27,36.11396810785755,36.47244412307229,36.27326499327421,36.453970460938244,6773139
2023-04-28,36.453970460938244,39.081762428790704,38.648001468760015,38.83306286356614,4382106
2023-05-01,38.83306286356614,39.653478126640366,39.232323291706614,39.43858288185101,2388587
2023-05-02,39.43858288185101,39.63534865087733,39.167875686703596,39.54530160831566,3615321
2023-05-03,39.54530160831566,39.694541561929256,39.1188366646562,39.666169514593044,9179739
2023-05-04,39.666169514593044,38.710445810130814,37.33997606414362,38.303001324657416,2208839
2023-05-05,38.303001324657416,36.73203227016967,36.54408903885681,36.60263441863724,4698414
2023-05-08,36.60263441863724,37.7493855822296,37.13081034796169,37.58009735301139,2931375
2023-05-09,37.58009735301139,37.100729416548084,36.870406374752875,36.87379355777839,4052789
2023-05-10,36.87379355777839,36.026758905686286,35.67590102247928,35.977735596645914,3130033
2023-05-11,35.977735596645914,36.77453069075888,36.38445373087948,36.63629747141772,1596485
2023-05-12,36.63629747141772,35.66925558126506,34.95593650579638,35.115735954597646,8462483
2023-05-15,35.115735954597646,33.66897879655739,33.11037195709817,33.66317036505327,3816922
2023-05-16,33.66317036505327,36.57198894990567,36.069096154539274,36.48456565613011,2467788
2023-05-17,36.48456565613011,35.90408291384201,35.08998589687335,35.65912966434207,3554076
2023-05-18,35.65912966434207,35.38702495890709,34.53486600422084,34.91271578527298,3875867
2023-05-19,34.91271578527298,37.402074627711286,36.95935229998102,37.12170475780559,5947782
2023-05-22,37.12170475780559,39.182352943506636,38.661687076501885,39.03110691968404,20019594
2023-05-23,39.03110691968404,40.954211013644404,40.521593839110324,40.81058123261842,3514163
2023-05-24,40.81058123261842,45.14006078161327,44.43749034362299,44.939984273308184,4681177
2023-05-25,44.939984273308184,41.59040045633683,40.305021098127135,41.46816107975497,2951900
2023-05-26,41.46816107975497,41.68765895263352,41.10943833547454,41.350104157780166,1491317
2023-05-29,41.350104157780166,45.13169969562675,43.66881673593506,44.49632362988976,3831330
2023-05-30,44.49632362988976,48.765305396510364,48.47189230708533,48.552459193923795,5893335
2023-05-31,48.552459193923795,47.61847126498903,46.52980068827622,47.10750486238431,6445889
2023-06-01,47.10750486238431,47.53713382609057,46.32611019161172,47.51094166884165,10195939
2023-06-02,47.51094166884165,45.96280409768827,45.3341658722566,45.649959109133896,1119544
2023-06-05,45.649959109133896,46.48751165835117,45.83610146654686,46.40081661226198,4669074
2023-06-06,46.40081661226198,46.482736058797435,46.247120009277126,46.384834327562075,1233158
2023-06-07,46.384834327562075,39.205014696405996,38.77300152850491,38.88922676706533,5382936
2023-06-08,38.88922676706533,39.9472233953153,39.15073800576925,39.30918108389949,2442221
2023-06-09,39.30918108389949,40.64403173640759,40.09141085653726,40.577224462833925,2031149
2023-06-12,40.577224462833925,41.746150486060515,41.15227036760404,41.374651531266615,4132721
2023-06-13,41.374651531266615,40.68734072018755,40.25053205974569,40.68534821465911,2147419
2023-06-14,40.68534821465911,45.129233168486046,44.70725231782658,44.884099385264605,14849285
2023-06-15,44.884099385264605,46.061475736678936,45.24365533155125,45.968546031932206,5966797
2023-06-16,45.968546031932206,46.78931751048957,46.32889266954674,46.471193775234674,2722222
2023-06-19,46.471193775234674,45.075212842580086,44.922647778087644,44.93658925405236,3102344
2023-06-20,44.93658925405236,47.39568664501041,46.88710329938048,47.054698521902964,8551979
2023-06-21,47.054698521902964,46.14654997800504,44.90696249065753,45.68371246321472,2911528
2023-06-22,45.68371246321472,47.82284099977867,47.62072904302357,47.724951837056494,3361992
2023-06-23,47.724951837056494,49.223910105386686,47.83761044219061,48.96533646183663,9083937
2023-06-26,48.96533646183663,44.851617818987975,44.05560995055133,44.466759006371845,5759428
2023-06-27,44.466759006371845,48.519794639247245,48.165606264006186,48.38824479094161,12808805
2023-06-28,48.38824479094161,54.46146027004974,53.30202798004598,54.18992669845366,13254432
2023-06-29,54.18992669845366,53.76785117808978,53.18076798182207,53.7643542296814,4721489
2023-06-30,53.7643542296814,54.05911952608364,52.400040765929916,53.60899103597916,2764661
2023-07-03,53.60899103597916,53.5926889122026,53.1826982084081,53.287298927378636,2329549
2023-07-04,53.287298927378636,51.196312326186415,50.158474587913034,50.331554445843395,7666266
2023-07-05,50.331554445843395,50.595950547886744,49.836225772268655,50.081866599032296,2318629
2023-07-06,50.081866599032296,52.75267488060548,51.00571781628411,51.82584772956941,4221705
2023-07-07,51.82584772956941,56.4242558807242,55.83759917428237,56.02792614128018,3795271
2023-07-10,56.02792614128018,58.694872671335396,57.41895393681404,58.29452092709835,8315460
2023-07-11,58.29452092709835,55.7143925332648,54.42180014503733,54.97624692071914,16450040
2023-07-12,54.97624692071914,51.73327804788244,50.075016622439726,51.115428475447914,6802323
2023-07-13,51.115428475447914,51.82901386794136,50.97578663846827,51.61513404507855,1093505
2023-07-14,51.61513404507855,53.91720285701012,52.27424203608298,53.37282226033809,3685795
2023-07-17,53.37282226033809,50.2931564162162,49.61219427934319,49.975377020554305,4015573
2023-07-18,49.975377020554305,46.81578478642338,45.92765044099313,46.268684632037306,5109839
2023-07-19,46.268684632037306,47.57856128638541,47.05396073721143,47.35288384128648,3684700
2023-07-20,47.35288384128648,50.61293274574592,49.558999177204306,49.868678873845084,8318787
2023-07-21,49.868678873845084,49.04797714397141,47.97214911408807,48.80463891453443,3143721
2023-07-24,48.80463891453443,47.955950750564604,47.13566851053652,47.19711292884822,3678582
2023-07-25,47.19711292884822,44.18318919268484,43.875634785603395,44.121506609139,10999375
2023-07-26,44.121506609139,40.96617765101424,40.20798069911775,40.44580133411173,11951466
2023-07-27,40.44580133411173,37.2308911258447,36.577751561509594,36.81126243859936,14105028
2023-07-28,36.81126243859936,38.91212081444076,37.97536939347011,38.46034749426443,5108905
2023-07-31,38.46034749426443,37.70209390988246,37.47841232426429,37.567339954527775,3908213
2023-08-01,37.567339954527775,36.4488620633022,36.28007341490136,36.329096059222714,9444410
2023-08-02,36.329096059222714,32.97418800973272,32.42335111098691,32.65925900535377,7490275
2023-08-03,32.65925900535377,31.698265571954426,31.152596916260265,31.637037598089968,3214077
2023-08-04,31.637037598089968,34.15696166773891,33.42121644820598,33.765522095064135,6751959
2023-08-07,33.765522095064135,33.19840686603359,32.60434046553328,32.84201559132606,1252895
2023-08-08,32.84201559132606,32.028344706745116,31.435583873176608,31.51105984400954,3799470
2023-08-09,31.51105984400954,29.840489428747517,29.19500471334475,29.77301167148697,5428655
2023-08-10,29.77301167148697,29.402091077385748,29.172332892608722,29.315817933653015,3634043
2023-08-11,29.315817933653015,32.39660634054234,31.70244686945886,32.29312332154412,4556871
2023-08-14,32.29312332154412,31.763154514479957,31.38422365637012,31.728001810113472,1911489
2023-08-15,31.728001810113472,33.649019934368205,32.86552715153781,33.143419964658555,4129899
2023-08-16,33.143419964658555,32.5327761826515,32.3055567160428,32.41182935874589,1899102
2023-08-17,32.41182935874589,30.856579209005535,30.41633329988379,30.643348585097137,7801885
2023-08-18,30.643348585097137,30.124276195283436,29.64177289280815,29.651601070524343,4340504
2023-08-21,29.651601070524343,30.78116622563943,30.0384155857964,30.112569735752743,10112690
2023-08-22,30.112569735752743,30.903616109098827,29.887189878446268,30.184185777906976,5361490
2023-08-23,30.184185777906976,31.95932593123466,31.315972464528965,31.482884187891752,1898252
2023-08-24,31.482884187891752,30.665758246976885,30.389802058550757,30.474860877130833,4071143
2023-08-25,30.474860877130833,32.47359875819358,31.789741608626894,31.88657782063548,5268867
2023-08-28,31.88657782063548,32.79750532428661,32.58675521449585,32.75400439371307,3178386
2023-08-29,32.75400439371307,35.401570250623294,34.593221880467546,34.815288601182445,11026941
2023-08-30,34.815288601182445,40.295207375240636,38.54165050530564,39.27084137015528,8988448
2023-08-31,39.27084137015528,37.324306644566576,36.45285650250097,36.46146336051271,9926524
2023-09-01,36.46146336051271,37.94200075007013,37.44611616279377,37.74695030571581,1978317
2023-09-04,37.74695030571581,41.90138186749019,40.74901463459438,41.76579986965131,7537426
2023-09-05,41.76579986965131,43.40894213951897,42.89955410700746,43.16817857309698,2857643
2023-09-06,43.16817857309698,56.82477174508883,55.99418984586077,56.21266707381187,5374946
2023-09-07,56.21266707381187,53.57117084687169,52.53688396019632,52.96482332590403,2718976
2023-09-08,52.96482332590403,53.429848411832474,52.188477755834526,52.428885355718165,5069250
2023-09-11,52.428885355718165,47.35378353925995,46.63664801753103,46.98782518781334,5412392
2023-09-12,46.98782518781334,47.11959127201563,46.449769292715345,46.50931239655632,5214297
2023-09-13,46.50931239655632,46.4534389925415,45.19458555871637,46.16419505142716,3398351
2023-09-14,46.16419505142716,45.24614863351431,44.78860978999896,45.05981163935867,3812834
2023-09-15,45.05981163935867,49.44209350569227,47.897218430602145,48.47305371856855,33391454
2023-09-18,48.47305371856855,47.982170038864574,47.42346193881597,47.95658038136385,2754680
2023-09-19,47.95658038136385,51.32933234132689,50.34653841598839,50.801839888066134,9393183
2023-09-20,50.801839888066134,52.61160900830826,51.15646723203861,51.56073716192289,4092735
2023-09-21,51.56073716192289,52.04830911129131,50.996202728466535,51.53023589871945,4397403
2023-09-22,51.53023589871945,56.21031184843926,55.066700384191215,55.14534698168351,14159673
2023-09-25,55.14534698168351,54.014352324888534,53.38874026154518,53.409640322766606,1891909
2023-09-26,53.409640322766606,53.81202114843416,53.23746849989571,53.49078317684165,6178736
2023-09-27,53.49078317684165,53.032756378385436,51.72138836250441,52.03843260519808,1644686
2023-09-28,52.03843260519808,56.341054466856036,55.732951520168,56.223375876246806,6758796
2023-09-29,56.223375876246806,54.85767660457368,54.295744983654075,54.7351035483621,6369561
2023-10-02,54.7351035483621,62.15362341824641,61.38872988729308,61.57078104198783,7996781
2023-10-03,61.57078104198783,61.84758735018977,61.33436787010775,61.70290735381059,5826911
2023-10-04,61.70290735381059,63.06567845136073,61.524255403935,62.108814373540454,2413572
2023-10-05,62.108814373540454,66.71709480515678,66.27817178783783,66.65393134984488,17247548
2023-10-06,66.65393134984488,71.87286467386728,70.95956137141957,71.33254550467755,10725435
2023-10-09,71.33254550467755,73.902328315195,73.22369189426037,73.39357318380483,2849005
2023-10-10,73.39357318380483,80.13476088793418,79.29109743292992,79.29568951405761,6562359
2023-10-11,79.29568951405761,78.10360792290078,77.10172150747894,77.54010919455037,607473
2023-10-12,77.54010919455037,78.84631829742776,76.18799303042871,77.28331957669572,1910819
2023-10-13,77.28331957669572,74.3334221941831,72.4541640913399,73.88882674082645,3728600
2023-10-16,73.88882674082645,75.07536521554705,71.89905187351953,74.40683137885955,10362155
2023-10-17,74.40683137885955,74.80868043334256,72.99303833209626,74.54126927050517,2489398
2023-10-18,74.54126927050517,96.51709524971137,94.66900258719028,95.28261179551613,5904383
2023-10-19,95.28261179551613,97.17674365515846,96.48160599582509,96.99766964669426,3407970
2023-10-20,96.99766964669426,93.706512793052,90.776169804807,92.35956992791033,4737583
2023-10-23,92.35956992791033,94.75027258740185,91.85386834953215,93.99827665903042,843284
2023-10-24,93.99827665903042,93.51975837979909,91.21401499865263,92.90000506154524,4381156
2023-10-25,92.90000506154524,92.40846101842301,90.64086338316167,92.02326124583492,3277650
2023-10-26,92.02326124583492,84.50276050484568,83.51127816205954,84.04734987571976,12780387
2023-10-27,84.04734987571976,78.97009066060878,77.58206471273989,78.28350343706182,9102715
2023-10-30,78.28350343706182,77.99685839335206,76.78264595809208,77.72133507581205,3290784
2023-10-31,77.72133507581205,71.93821139137518,69.69046827268723,70.97975173509376,10540558
2023-11-01,70.97975173509376,71.42047746643959,70.48721126326451,70.90235901965873,1141549
2023-11-02,70.90235901965873,67.43465340860573,66.0606550911494,66.9026336084302,3942103
2023-11-03,66.9026336084302,65.82443419102084,65.53371377580234,65.62862333139766,2980219
2023-11-06,65.62862333139766,68.28441383755786,66.62611141574722,67.61335611094256,2265232
2023-11-07,67.61335611094256,74.2790260158914,72.31804872223444,73.98194397931096,7172389
2023-11-08,73.98194397931096,70.56703814951486,69.91418956768801,70.33110819841023,10190312
2023-11-09,70.33110819841023,65.49997107381226,63.29602504024577,64.10577306460198,10083965
2023-11-10,64.10577306460198,65.72401375667293,64.623693709638,65.25498411028688,15069615
2023-11-13,65.25498411028688,63.74471224871954,62.520229285477114,63.4268882658651,4205750
2023-11-14,63.4268882658651,64.25613586520123,62.858135363539475,63.66303872026624,1846000
2023-11-15,63.66303872026624,60.75877099157368,59.43506822321769,59.88945609550016,6567223
2023-11-16,59.88945609550016,65.05749495821246,64.59643421273935,64.59941291903355,5905332
2023-11-17,64.59941291903355,63.221350628929514,62.68329017279751,62.8746755940552,3833614
2023-11-20,62.8746755940552,67.0410074802668,63.992906256712665,65.63898407811283,2324751
2023-11-21,65.63898407811283,70.50866890482267,68.58552525168632,69.01176275817592,9877589
2023-11-22,69.01176275817592,68.32569429122744,67.72543486587094,68.28097907179131,2784143
2023-11-23,68.28097907179131,68.55231797509381,67.25572811405736,67.57376019765363,3617740
2023-11-24,67.57376019765363,68.47233577515311,67.49906541863818,67.79678808424006,7578751
2023-11-27,67.79678808424006,62.53126491762139,62.09665450268319,62.26826408619869,18947035
2023-11-28,62.26826408619869,62.521831766426395,61.82007092919176,62.0847885454373,5036506
2023-11-29,62.0847885454373,61.26324434938767,60.095525241011266,60.45302814655449,2441203
2023-11-30,60.45302814655449,61.787329917738134,61.60887357376637,61.6977833604375,3065719
2023-12-01,61.6977833604375,58.76764751826301,58.2219652802331,58.46464517543226,7051546
2023-12-04,58.46464517543226,56.6172944928871,55.50118003970348,56.07134943462624,5630086
2023-12-05,56.07134943462624,52.62178019222135,51.13317695206208,52.179722707548095,6130264
2023-12-06,52.179722707548095,53.19942528197303,52.77272463453032,52.95793014636886,4889925
2023-12-07,52.95793014636886,55.74846812334564,53.66160317850315,54.539427195982036,3130434
2023-12-08,54.539427195982036,59.263538533203224,57.71795825285918,57.96305102215498,5007006
2023-12-11,57.96305102215498,57.03792595075,56.65206087821378,56.89501368486092,5280986
2023-12-12,56.89501368486092,61.31613753902109,59.76139349633453,60.602912509655184,5788076
2023-12-13,60.602912509655184,63.980815312011416,63.07493987541204,63.96532556622746,9226564
2023-12-14,63.96532556622746,65.28214025399606,64.87777015206441,64.90718357764936,3215032
2023-12-15,64.90718357764936,67.2650704189948,66.18876583018105,66.95998158962686,2809176
2023-12-18,66.95998158962686,62.54546533283796,61.09621525356954,61.65178647344798,9840750
2023-12-19,61.65178647344798,68.27124236492728,67.43675448671345,68.15692474481828,3667296
2023-12-20,68.15692474481828,70.69785477094774,69.57529625115578,69.77815837621714,3770371
2023-12-21,69.77815837621714,69.9892900634381,68.6062679806765,68.74361737761355,3319168
2023-12-22,68.74361737761355,71.72869750779682,70.67009304720759,70.89107097848299,6297107
2023-12-25,70.89107097848299,72.77157120258583,71.90089519909354,72.30964676823774,2503734
2023-12-26,72.30964676823774,75.90070322386752,74.9567834667528,75.60932452426522,1853310
2023-12-27,75.60932452426522,74.87522442595586,74.06581246643567,74.18553255429475,1679293
2023-12-28,74.18553255429475,77.08956844949373,74.34835904303935,75.9608940005253,2257286
2023-12-29,75.9608940005253,76.63967889003794,75.48643064839308,76.31785752761344,4206994
2024-01-01,76.31785752761344,73.83637221728122,73.28375714081547,73.34081596319163,2040284
2024-01-02,73.34081596319163,75.18630362663848,74.54038933161938,74.61706354150415,1819599
2024-01-03,74.61706354150415,72.98228564899334,71.42704438402671,71.90606897501945,2549272
2024-01-04,71.90606897501945,74.36864256768695,74.06879293346203,74.13267692390306,2949299
2024-01-05,74.13267692390306,64.01242429836743,62.16965036050607,62.48858550500195,7368532
2024-01-08,62.48858550500195,58.60477226182345,57.63641538354328,58.19742152522118,4337373
2024-01-09,58.19742152522118,58.30479985790948,57.35145381322163,57.970144447625685,8843455
2024-01-10,57.970144447625685,55.43833907759501,54.55091548800954,54.98759358276503,8676894
2024-01-11,54.98759358276503,59.12371356788469,57.51242442750245,57.517238415957536,6460648
2024-01-12,57.517238415957536,56.53295322770539,55.86091052052644,55.879666030298445,3321698
2024-01-15,55.879666030298445,60.32243696839235,58.67753983415924,59.80518381369664,7612870
2024-01-16,59.80518381369664,63.09932114508737,61.733592003003416,62.08609284811123,4605441
2024-01-17,62.08609284811123,53.15993343032479,52.24181399012381,52.841375846258074,13049551
2024-01-18,52.841375846258074,54.62675534504128,52.69426672578161,53.61364899864738,8643142
2024-01-19,53.61364899864738,54.38607812703272,53.693227980013674,54.00328553528884,3436877
2024-01-22,54.00328553528884,58.40870694670249,57.090291369905,57.11958535821252,6418911
2024-01-23,57.11958535821252,58.844641942706225,57.06202659191643,58.330038881365034,2309592
2024-01-24,58.330038881365034,57.97639935619803,57.25664093191292,57.535250831446724,9805249
2024-01-25,57.535250831446724,59.202345670048544,57.69896380448559,58.1993794964217,2414231
2024-01-26,58.1993794964217,57.25284869919918,56.454947806450384,57.042830444673776,3482896
2024-01-29,57.042830444673776,58.34969035279814,57.98067057231462,58.296439719693005,3114050
2024-01-30,58.296439719693005,61.21783263641699,59.86437007158653,60.40158032848376,2234203
2024-01-31,60.40158032848376,63.143837823562954,61.081813829225176,61.82970916041208,3556524
2024-02-01,61.82970916041208,69.00446307474115,67.9461832498085,68.26885739605359,6366831
2024-02-02,68.26885739605359,71.92956477592102,70.71199303122705,70.98895116524213,2550835
2024-02-05,70.98895116524213,71.61905300822586,71.37132111546623,71.44353786181867,2576204
2024-02-06,71.44353786181867,72.72027658486587,71.79414851090652,71.89166314373722,2172607
2024-02-07,71.89166314373722,69.60832825688452,68.30413159439509,68.5330780216012,7279099
2024-02-08,68.5330780216012,66.09852854082767,63.66239363255257,64.36496542457027,9096474
2024-02-09,64.36496542457027,64.02543284364961,62.89811626292617,63.1544499099891,3674704
2024-02-12,63.1544499099891,63.23463138029577,62.55320424235984,62.653759988647515,5737193
2024-02-13,62.653759988647515,66.29967032438118,66.23267458391526,66.29955536566825,4971032
2024-02-14,66.29955536566825,66.86050935976606,65.78731539989832,66.1989099233456,2301047
2024-02-15,66.1989099233456,67.92624060925115,67.1665002282566,67.51714838368792,9240768
2024-02-16,67.51714838368792,70.13297587359531,69.11333040969055,69.9454216189768,4584329
2024-02-19,69.9454216189768,73.17540422737663,71.25589720175633,72.84407891999945,4096258
2024-02-20,72.84407891999945,72.69060705725504,70.69315846062769,71.89487367520478,4053189
2024-02-21,71.89487367520478,76.63466228266361,73.77436718900164,74.59763086933805,2515075
2024-02-22,74.59763086933805,71.75370901706003,71.38422813632585,71.70401918324688,2563656
2024-02-23,71.70401918324688,73.10036801636339,70.89308544925866,71.83381529954974,4568537
2024-02-26,71.83381529954974,75.11483409504604,73.55245171461102,73.60790101512366,2086839
2024-02-27,73.60790101512366,69.74822657512358,68.06424889112422,69.25241974252747,6713374
2024-02-28,69.25241974252747,73.58185184680394,71.53385297677033,72.76568108945109,17831735
2024-02-29,72.76568108945109,79.11651079205406,76.67330060243653,77.32763240175805,11225615
2024-03-01,77.32763240175805,74.62488258721632,73.78753134241168,74.5628541415442,2928990
2024-03-04,74.5628541415442,74.36849613083344,72.99869039978748,73.6313401549705,2288911
2024-03-05,73.6313401549705,75.32632632572616,73.4242809997274,74.62096728360224,7909054
2024-03-06,74.62096728360224,75.12597011672636,73.3451378508086,74.51349359348934,7066235
2024-03-07,74.51349359348934,78.04403136203335,76.93076244404837,77.60446757430759,2391667
2024-03-08,77.60446757430759,82.43787653082505,80.74288079451613,81.58854636527953,3857719
2024-03-11,81.58854636527953,81.591766935913,78.73548163542618,80.22310514909114,2948652
2024-03-12,80.22310514909114,77.42889848393891,77.15630575344909,77.42346382751211,3576115
2024-03-13,77.42346382751211,75.53436831589812,74.52420795194769,75.36070365955702,5072643
2024-03-14,75.36070365955702,77.03124495437429,74.8821036957964,75.1175435686705,3441506
2024-03-15,75.1175435686705,77.23109173941698,75.5758253461437,75.61236091360895,5376990
2024-03-18,75.61236091360895,72.36547453731153,71.40667825509435,71.74947800072096,10864672
2024-03-19,71.74947800072096,74.54603928358038,73.1227325314176,73.13512331360276,3894746
2024-03-20,73.13512331360276,74.71578357988419,72.92162907478382,73.56218402778227,5067988
2024-03-21,73.56218402778227,71.60302364151237,70.5284777487493,71.43637256131609,6187910
2024-03-22,71.43637256131609,71.85752255232923,70.42682155461942,70.56355802657053,4174583
2024-03-25,70.56355802657053,69.89276536202502,68.08205657268218,68.40505299279597,2767268
2024-03-26,68.40505299279597,71.15290258721178,69.18140134978874,70.75041649882013,2917837
2024-03-27,70.75041649882013,72.05801592642848,70.71996677532165,70.85415740511851,3159783
2024-03-28,70.85415740511851,73.74692707918922,72.85355618487603,73.05204062118892,3078422
2024-03-29,73.05204062118892,75.5917706819075,74.94487626224479,75.1497393149161,3599914
2024-04-01,75.1497393149161,76.61131169216274,74.59872048483915,75.47180476074531,1961334
2024-04-02,75.47180476074531,79.50762236728673,77.84628745740919,79.14528503037984,14059797
2024-04-03,79.14528503037984,80.9237886370674,78.68790893017926,80.03514637429743,5769092
2024-04-04,80.03514637429743,85.4174051328273,83.65556447347952,84.41444544054139,10483997
2024-04-05,84.41444544054139,84.6030774610267,82.48045375845136,83.50461715171174,3315801
2024-04-08,83.50461715171174,84.56472922683753,82.47864861405351,84.14932803206335,5377496
2024-04-09,84.14932803206335,86.92268582502943,85.69098422300955,86.38521064249977,3421933
2024-04-10,86.38521064249977,84.53429248972388,82.31904180425794,83.48095717407949,2428701
2024-04-11,83.48095717407949,88.0857447120591,87.21356723185092,87.25342113432542,2490169
2024-04-12,87.25342113432542,89.70681302907022,88.9818693382028,89.0227224781943,3215110
2024-04-15,89.0227224781943,90.07655621646917,89.45509568832051,89.89395272962498,2608942
2024-04-16,89.89395272962498,89.43552890611971,89.26072477757873,89.3340065730084,1859366
2024-04-17,89.3340065730084,92.83286155126211,92.0410538936353,92.4691250586857,4288007
2024-04-18,92.4691250586857,94.5213378776867,94.20516649874102,94.3428887094532,1470804
2024-04-19,94.3428887094532,94.74489175344031,91.69912021113653,93.07633382744174,3921234
2024-04-22,93.07633382744174,89.58476013850884,88.37699365261194,89.18269206576319,3191649
2024-04-23,89.18269206576319,91.51196794347635,90.37052770815188,91.3342834976872,1359806
2024-04-24,91.3342834976872,90.28287374678493,87.84216986682695,89.08321577921492,2675281
2024-04-25,89.08321577921492,85.81440230160163,84.26446319762117,85.06062107112612,8682482
2024-04-26,85.06062107112612,87.95149906666666,86.28473135645784,86.9435454743346,1347627
2024-04-29,86.9435454743346,85.55513426889019,85.29979076464087,85.36109548807421,3455409
2024-04-30,85.36109548807421,78.19665333103598,76.49350369262885,77.76507747486727,12027038
2024-05-01,77.76507747486727,74.96901146519428,74.2880771655885,74.80571723753819,6196593
2024-05-02,74.80571723753819,76.47734846132214,75.6563170632182,76.11316600165048,4699666
2024-05-03,76.11316600165048,76.27716113532207,74.96429193001292,75.92767443440769,1291656
2024-05-06,75.92767443440769,74.08582341171842,73.89886738878542,73.91195629058797,4779938
2024-05-07,73.91195629058797,69.75068146132011,68.52624451104084,69.36961653624603,12547534
2024-05-08,69.36961653624603,69.86929176271272,67.77449237953778,68.89022465786327,4323816
2024-05-09,68.89022465786327,76.30752326959023,75.20680104652864,76.00555213827629,3666597
2024-05-10,76.00555213827629,75.98029405610184,75.51205103178448,75.94139970160518,5950526
2024-05-13,75.94139970160518,74.31200611943683,73.20723422311364,73.91897012675427,5500559
2024-05-14,73.91897012675427,69.33465996180705,67.92260074985181,68.12033889577151,6957554
2024-05-15,68.12033889577151,69.01503769937915,67.3548661269891,68.83169559066164,4760145
2024-05-16,68.83169559066164,75.6166420437694,74.03478634252234,74.7639803206473,21830437
2024-05-17,74.7639803206473,76.24448794056873,75.38087539804654,75.74557824282556,3805608
2024-05-20,75.74557824282556,79.99658031596455,79.14990455765707,79.29775201605638,21768091
2024-05-21,79.29775201605638,81.68664656632123,80.18151354534284,80.48593153000895,2002524
2024-05-22,80.48593153000895,80.1116958945219,79.84199305186813,79.9852491875793,4648279
2024-05-23,79.9852491875793,82.60452507742583,81.60022548505856,81.77358571676376,2332153
2024-05-24,81.77358571676376,79.08674004858364,76.87179452901759,78.76558847709784,4257573
2024-05-27,78.76558847709784,73.66935822632156,72.26144603994805,73.42044876942039,10409864
2024-05-28,73.42044876942039,66.77832024847251,66.31269062652778,66.62292645166342,5058553
2024-05-29,66.62292645166342,67.91715344765765,66.60031403504443,67.49847809231551,2545198
2024-05-30,67.49847809231551,64.33339408668486,62.361087519860504,63.596190117070684,5767291
2024-05-31,63.596190117070684,63.85365775300826,63.317083961015506,63.633543992730246,3248025
2024-06-03,63.633543992730246,65.83024746002413,64.97729292441072,65.43661332069196,3947464
2024-06-04,65.43661332069196,63.9362282486073,62.99343340659528,63.56939400431681,8425260
2024-06-05,63.56939400431681,61.230375773254885,60.03379380292927,60.38874234663352,8075088
2024-06-06,60.38874234663352,59.960134121455916,59.74273205767407,59.873980972703535,3467302
2024-06-07,59.873980972703535,59.90565270503056,58.81444789772481,59.39773220689154,2390647
2024-06-10,59.39773220689154,61.27781839457488,60.815988085920516,61.117210345916625,5566786
2024-06-11,61.117210345916625,61.8149816573773,60.95961363655573,61.506007246397246,6775101
2024-06-12,61.506007246397246,60.604633080971375,59.76217707909768,60.167036628115426,2378861
2024-06-13,60.167036628115426,59.860788161909085,59.037673327280686,59.456664105596424,3732765
2024-06-14,59.456664105596424,59.538368110517276,58.277355557926484,58.312333767234016,1352811
2024-06-17,58.312333767234016,66.73059858174354,65.89515406609968,66.1139103784832,6696112
2024-06-18,66.1139103784832,66.98912967140276,64.95389663381565,66.06122516823096,2827596
2024-06-19,66.06122516823096,67.91695086515871,65.41062453821054,65.63495248858794,4387454
2024-06-20,65.63495248858794,63.1460198075176,62.6353443673461,62.775290461380905,2186801
2024-06-21,62.775290461380905,64.5492003766079,63.61419296262912,63.71831128208074,1706602
2024-06-24,63.71831128208074,60.92517202372993,60.042842347402136,60.26826581128181,2107894
2024-06-25,60.26826581128181,67.8238847576619,67.09648026016109,67.2028831144354,9317073
2024-06-26,67.2028831144354,66.0236434183357,64.81321718723395,65.31805255063072,4456790
2024-06-27,65.31805255063072,63.34623205401405,62.224305597918914,62.4394116240561,18791178
2024-06-28,62.4394116240561,66.84594506138805,65.24808267067812,66.05865491144512,13840899
2024-07-01,66.05865491144512,64.54586585410235,64.02937047066592,64.37756504566592,2412102
2024-07-02,64.37756504566592,53.871652481929125,53.6124840044133,53.77721422002032,10753963
2024-07-03,53.77721422002032,54.48494789845571,52.972458942791064,53.510184687024484,2384621
2024-07-04,53.510184687024484,55.68560153194788,55.16605402135678,55.40872826576765,2675234
2024-07-05,55.40872826576765,53.016303617387976,52.8151684032546,52.85596901396683,8538510
2024-07-08,52.85596901396683,55.70991720521141,54.698863340676354,54.81802516482347,4932449
2024-07-09,54.81802516482347,53.741803295273506,52.93830892995341,53.54363446442323,2906514
2024-07-10,53.54363446442323,53.00937056036908,52.77113866314562,52.85421256931359,3006459
2024-07-11,52.85421256931359,52.440067398759986,51.51523501038655,51.79472138285697,3724627
2024-07-12,51.79472138285697,47.59542321126965,46.9071237547445,47.07132930835137,12959369
2024-07-15,47.07132930835137,46.736604020600296,45.42186074545272,46.19232643634403,3378858
2024-07-16,46.19232643634403,46.9270150041064,45.68688586435317,46.215840274492685,4291871
2024-07-17,46.215840274492685,44.70448014509811,44.373265136441894,44.40529606649017,4185201
2024-07-18,44.40529606649017,44.27504747561432,43.97688338732012,44.14383512389698,2594051
2024-07-19,44.14383512389698,41.90231543877782,41.714344724167134,41.82834535406688,11624648
2024-07-22,41.82834535406688,41.872885916385776,41.41713420570234,41.84960649161474,2037994
2024-07-23,41.84960649161474,42.51970532281729,41.848668659465126,42.07222796984109,3485722
2024-07-24,42.07222796984109,42.125141085316464,41.360441326369816,41.94097885861615,2021920
2024-07-25,41.94097885861615,42.25695897557099,41.675069738085085,42.22373648373143,4591124
2024-07-26,42.22373648373143,42.99761634492086,42.218247099574484,42.33899532552293,5398581
2024-07-29,42.33899532552293,41.00753291929277,40.41974130997238,40.47676381321405,2636430
2024-07-30,40.47676381321405,42.90638095451918,42.29643775400433,42.63536299748715,8171951
2024-07-31,42.63536299748715,42.29102205412909,41.48892943849748,41.778396551010005,7606893
2024-08-01,41.778396551010005,45.00440275966101,43.681667747193465,44.03184210383827,12695110
2024-08-02,44.03184210383827,46.73803241918304,45.960300850855475,46.43882958105307,4059563
2024-08-05,46.43882958105307,46.96315357781468,46.771010381900574,46.841125351411165,3382738
2024-08-06,46.841125351411165,46.273189654265735,45.12023945032515,46.13706981106665,3522542
2024-08-07,46.13706981106665,46.064947524768996,45.60166063359801,45.67126117361214,6744049
2024-08-08,45.67126117361214,47.18822523260472,46.10841952876372,46.660181297956534,4003096
2024-08-09,46.660181297956534,47.06959084873793,45.94427108935643,46.21695851758649,8840686
2024-08-12,46.21695851758649,47.99156106626089,47.333192802282426,47.89438709456437,1882216
2024-08-13,47.89438709456437,49.272657327293516,48.50570456447562,48.74189553972981,5278440
2024-08-14,48.74189553972981,48.527159447538985,48.20034308760295,48.20945870543167,7530137
2024-08-15,48.20945870543167,48.023993345493096,47.627806588701674,47.73821127713218,1491379
2024-08-16,47.73821127713218,44.41403757872601,44.28934132618928,44.40351142994143,12536808
2024-08-19,44.40351142994143,46.00718820950297,45.2280574138939,45.985503967212054,2257194
2024-08-20,45.985503967212054,46.15459828180679,45.41236529846655,45.66284922950682,3092973
2024-08-21,45.66284922950682,45.32962969897716,44.516384481315384,44.7839287707783,2057058
2024-08-22,44.7839287707783,52.287426726666624,50.272940488032035,51.047441970429766,7518026
2024-08-23,51.047441970429766,53.194230789882745,51.43148999457212,52.48133949770146,4289689
2024-08-26,52.48133949770146,50.601809098977775,50.17451616667528,50.45873082320743,2174572
2024-08-27,50.45873082320743,50.89575608709906,50.47179236299947,50.741161877104176,8090434
2024-08-28,50.741161877104176,49.857319975944456,49.50232092626661,49.70744817167675,2695348
2024-08-29,49.70744817167675,56.1283322250928,55.57390587226389,55.6106617634327,3991478
2024-08-30,55.6106617634327,53.55462153400361,52.68301874271244,53.2621314005815,2756173
2024-09-02,53.2621314005815,51.452513480890104,50.26262728029035,50.75191850831953,14146100
2024-09-03,50.75191850831953,51.51473456159079,50.66888857487626,51.395390985643076,7203817
2024-09-04,51.395390985643076,50.71039754505659,50.482499701672666,50.67417655352382,5201356
2024-09-05,50.67417655352382,50.92521072641651,50.39708991626084,50.5403635353356,3319214
2024-09-06,50.5403635353356,53.92778286315154,53.252714723251145,53.48431123050092,4637739
2024-09-09,53.48431123050092,51.85285826707803,50.30770134039123,51.70473747088315,1382019
2024-09-10,51.70473747088315,53.856258335150216,52.89263647501948,53.10129441491276,2194242
2024-09-11,53.10129441491276,50.538614509773474,50.0854820860153,50.366350996630615,8989611
2024-09-12,50.366350996630615,50.56941447415335,49.177491789066124,50.07344016970029,4173627
2024-09-13,50.07344016970029,49.48918366069206,48.87176038502854,48.878177992694376,2957613
2024-09-16,48.878177992694376,50.40164162700671,49.03019624964701,49.34664494878425,3349741
2024-09-17,49.34664494878425,48.41017432483461,47.331579817417484,47.94002908314436,5288839
2024-09-18,47.94002908314436,47.96995660001162,47.28271969566595,47.89214180153707,4772204
2024-09-19,47.89214180153707,50.22230038017685,48.49094770627046,49.633599965916545,4192360
2024-09-20,49.633599965916545,47.16641758047241,45.88040539320143,46.34427396936551,9937287
2024-09-23,46.34427396936551,49.18112483043112,48.86331625444817,49.013724188388395,9716688
2024-09-24,49.013724188388395,59.57613285532942,58.52774272853037,59.162949894690854,11796929
2024-09-25,59.162949894690854,62.703363231793986,62.177730899833044,62.52353165752198,10217186
2024-09-26,62.52353165752198,62.15705533686658,60.778841890895485,61.799048773660516,1857292
2024-09-27,61.799048773660516,61.2113901795713,60.9181641573817,60.94730281004065,6447224
2024-09-30,60.94730281004065,63.137418880318634,62.35117770271483,62.75140675800757,1417752
2024-10-01,62.75140675800757,67.23382418025068,65.71856490850058,67.1838319067001,10956937
2024-10-02,67.1838319067001,67.00733428616535,66.41969647790248,66.5829858708889,1883777
2024-10-03,66.5829858708889,71.06404434108119,69.96022745907828,69.9663259923812,11575539
2024-10-04,69.9663259923812,69.10845252650432,68.88043911410341,69.08099894882189,2511160
2024-10-07,69.08099894882189,67.85652485126826,65.84681675788444,66.45969504348562,3152878
2024-10-08,66.45969504348562,66.07350827790191,63.97704845443062,64.20582865825514,2545122
2024-10-09,64.20582865825514,65.6682181215703,64.5460360496191,64.99476729228206,3080780
2024-10-10,64.99476729228206,61.39903567131332,60.31590275443713,60.51388536961334,17430720
2024-10-11,60.51388536961334,56.81024014237493,55.973464464328956,56.303686790108344,4768542
2024-10-14,56.303686790108344,55.44173548552554,55.11846657778324,55.307415633261435,2165148
2024-10-15,55.307415633261435,58.57814018369824,57.078087195254355,58.036101608132896,4105616
2024-10-16,58.036101608132896,56.734035596230015,55.1418446279559,55.73145951396998,3599320
2024-10-17,55.73145951396998,55.046499861926414,53.82808016326544,54.0162578970934,3304815
2024-10-18,54.0162578970934,55.73088122613187,55.17415236967469,55.50532425102889,3260401
2024-10-21,55.50532425102889,58.31792003864196,57.38995846963277,57.96793907762312,4907095
2024-10-22,57.96793907762312,58.15401766978036,57.87049474988384,58.09822293335317,3052275
2024-10-23,58.09822293335317,51.650356800877866,50.68413440447889,51.47085618888213,6637787
2024-10-24,51.47085618888213,52.33680084804463,51.199519062237535,51.7005529716816,6227452
2024-10-25,51.7005529716816,55.16821925007506,54.11063432192615,54.95131347178111,8569049
2024-10-28,54.95131347178111,51.424064684030455,50.90926587639529,51.225699147345146,5767587
2024-10-29,51.225699147345146,53.32609669754496,52.68876839867572,53.320822586365054,3996825
2024-10-30,53.320822586365054,56.881771403865436,56.24327402817386,56.584406756570345,13160193
2024-10-31,56.584406756570345,52.40375769992861,51.67099817473681,52.20189320951676,11873463
2024-11-01,52.20189320951676,54.40706564429786,53.444239735385125,54.333067931193014,6100595
2024-11-04,54.333067931193014,58.890178285338926,57.72385528271988,58.40772999802177,3331673
2024-11-05,58.40772999802177,60.27028378465458,59.35964925286512,59.80538277864087,3188579
2024-11-06,59.80538277864087,57.76355351641079,56.47069351701699,57.29952550903915,4632739
2024-11-07,57.29952550903915,68.44302022125892,67.23171892165014,67.86028140287725,13440434
2024-11-08,67.86028140287725,73.2240101465656,70.78506898719392,71.87270192602409,20683830
2024-11-11,71.87270192602409,68.5563600493295,66.81248684678091,67.08829233544532,4035818
2024-11-12,67.08829233544532,68.76018916695054,68.3680374805804,68.41798014613013,4961521
2024-11-13,68.41798014613013,73.33674908969165,72.29665003082722,72.85285559428682,12930843
2024-11-14,72.85285559428682,80.18306723382857,79.27218653494,79.5391850338329,8071415
2024-11-15,79.5391850338329,84.29203193682567,82.66534783345253,83.36949459282431,4974056
2024-11-18,83.36949459282431,79.2381505226131,77.43528559815077,78.42167454124315,2821935
2024-11-19,78.42167454124315,74.98630320296637,74.39147079184215,74.57938905681372,12023876
2024-11-20,74.57938905681372,73.70488301293707,72.33500800577022,72.53583216370536,4396282
2024-11-21,72.53583216370536,75.69029624355045,75.3961819484962,75.50732709332725,3590720
2024-11-22,75.50732709332725,76.22741854988301,75.11957585297574,75.6509513465841,4545499
2024-11-25,75.6509513465841,80.72845303016419,80.30774278511943,80.47339456133813,4192070
2024-11-26,80.47339456133813,74.47597191591035,73.16020791751768,73.99025311177473,6780180
2024-11-27,73.99025311177473,74.8343973637819,73.12400786112056,74.66660762830249,2007810
2024-11-28,74.66660762830249,74.2313546432666,71.97716008759934,72.77812091474732,3957414
2024-11-29,72.77812091474732,71.6393113077163,71.13730496902572,71.30244131023315,4216294
2024-12-02,71.30244131023315,69.15730670726035,67.34965411609119,68.10165299476358,7962959
2024-12-03,68.10165299476358,66.97311458649912,64.5314975002263,66.15534988166995,3980285
2024-12-04,66.15534988166995,66.56695250237053,64.64811316196938,65.98257976691727,4754581
2024-12-05,65.98257976691727,71.3237664329069,69.88362462998882,69.96357539873878,4578568
2024-12-06,69.96357539873878,78.08521610898325,77.05024191971684,77.0502546586462,6430113
2024-12-09,77.0502546586462,82.30916789797107,81.1819158659559,82.13262633344169,5302048
2024-12-10,82.13262633344169,91.08431638362883,87.84229827843026,88.95705148217789,16687016
2024-12-11,88.95705148217789,95.18934164055753,93.29456632740086,94.68050145201988,5736295
2024-12-12,94.68050145201988,99.40522784849239,98.59487705175115,99.34136720368976,5913860
2024-12-13,99.34136720368976,100.27629448455072,98.79897753552017,99.34213487808037,4042691
2024-12-16,99.34213487808037,90.86203598255186,89.2229398163325,90.02847088265217,5718443
2024-12-17,90.02847088265217,84.35884530175936,83.47208294748683,84.20700660351184,15005168
2024-12-18,84.20700660351184,88.7835053480196,87.65265607286918,88.04204069600412,2080795
2024-12-19,88.04204069600412,84.11822842558934,82.54074802399093,83.11885308318396,7549039
2024-12-20,83.11885308318396,84.21257047867789,84.07862856707501,84.10509073167749,4865382
2024-12-23,84.10509073167749,85.23549885320934,83.60627911417207,83.98211803503159,2282280
2024-12-24,83.98211803503159,79.28362270368281,76.74214791662044,77.88255351085377,6156024
2024-12-25,77.88255351085377,81.31052886428144,80.48796109166916,80.93961657475316,3713046
2024-12-26,80.93961657475316,87.94161983683937,86.398822704689,86.6046988042125,13895667
2024-12-27,86.6046988042125,90.1794653538952,87.03359907088513,89.7981085267345,4657929
2024-12-30,89.7981085267345,96.0429283201348,93.54558993283075,94.66031308292162,18101336
2024-12-31,94.66031308292162,98.24921164061455,96.19964468710339,97.10648454138948,3730569
2025-01-01,97.10648454138948,96.13597055137765,93.00048649249146,94.6708861813587,3302262
2025-01-02,94.6708861813587,91.77744460141668,90.06970548263443,91.0552710982524,3419136
2025-01-03,91.0552710982524,94.29607581437294,92.83080751949876,94.17008386079425,3686889
2025-01-06,94.17008386079425,97.62184611599761,95.84542107088684,97.16688024056998,2739275
2025-01-07,97.16688024056998,92.77354149113768,92.1549057490464,92.5980701333177,14982851
2025-01-08,92.5980701333177,96.25521068213249,94.61960674743231,95.10695655999433,2926753
2025-01-09,95.10695655999433,98.61257788894166,97.53933818487637,97.77438501210482,4198946
2025-01-10,97.77438501210482,105.48779831543479,105.12083137659263,105.45893445156347,13679518
2025-01-13,105.45893445156347,109.2132346124216,107.30554870782865,108.4240679870777,5893368
2025-01-14,108.4240679870777,116.35172592348474,112.93682799254732,114.53076419068455,13486490
2025-01-15,114.53076419068455,114.40682727018257,113.64518495419098,114.20963643473057,2606754
2025-01-16,114.20963643473057,108.88982884663997,106.56992988868667,107.28961214050072,13597556
2025-01-17,107.28961214050072,103.70604048894859,102.9318962448973,103.26975695402652,1517083
2025-01-20,103.26975695402652,101.42728785584669,100.62503674118051,101.346402260365,3611603
2025-01-21,101.346402260365,101.62369604846234,99.57600168041122,100.32763276122054,3448930
2025-01-22,100.32763276122054,99.70368493981046,97.03465552414525,98.19661740310175,3067764
2025-01-23,98.19661740310175,97.06419114643771,95.32840489541253,95.89755196104284,4449814
